A,B,C, ,N,e,w,s
A,l, ,J,a,z,e,e,r,a, ,E,n,g,l,i,s,h
A,r,s, ,T,e,c,h,n,i,c,a
A,s,s,o,c,i,a,t,e,d, ,P,r,e,s,s
A,x,i,o,s
B,l,e,a,c,h,e,r, ,R,e,p,o,r,t
B,l,o,o,m,b,e,r,g
B,r,e,i,t,b,a,r,t, ,N,e,w,s
B,u,s,i,n,e,s,s, ,I,n,s,i,d,e,r
B,u,z,z,f,e,e,d
C,B,S, ,N,e,w,s
C,N,B,C
C,N,N
C,N,N, ,S,p,a,n,i,s,h
C,r,y,p,t,o, ,C,o,i,n,s, ,N,e,w,s
E,n,g,a,d,g,e,t
E,n,t,e,r,t,a,i,n,m,e,n,t, ,W,e,e,k,l,y
E,S,P,N
E,S,P,N, ,C,r,i,c, ,I,n,f,o
F,o,r,t,u,n,e
F,o,x, ,N,e,w,s
F,o,x, ,S,p,o,r,t,s
G,o,o,g,l,e, ,N,e,w,s
H,a,c,k,e,r, ,N,e,w,s
I,G,N
M,a,s,h,a,b,l,e
M,e,d,i,c,a,l, ,N,e,w,s, ,T,o,d,a,y
M,S,N,B,C
M,T,V, ,N,e,w,s
N,a,t,i,o,n,a,l, ,G,e,o,g,r,a,p,h,i,c
N,a,t,i,o,n,a,l, ,R,e,v,i,e,w
N,B,C, ,N,e,w,s
N,e,w, ,S,c,i,e,n,t,i,s,t
N,e,w,s,w,e,e,k
N,e,w, ,Y,o,r,k, ,M,a,g,a,z,i,n,e
N,e,x,t, ,B,i,g, ,F,u,t,u,r,e
N,F,L, ,N,e,w,s
N,H,L, ,N,e,w,s
P,o,l,i,t,i,c,o
P,o,l,y,g,o,n
R,e,c,o,d,e
R,e,d,d,i,t, ,/,r,/,a,l,l
R,e,u,t,e,r,s
T,e,c,h,C,r,u,n,c,h
T,e,c,h,R,a,d,a,r
T,h,e, ,A,m,e,r,i,c,a,n, ,C,o,n,s,e,r,v,a,t,i,v,e
T,h,e, ,H,i,l,l
T,h,e, ,H,u,f,f,i,n,g,t,o,n, ,P,o,s,t
T,h,e, ,N,e,x,t, ,W,e,b
T,h,e, ,V,e,r,g,e
T,h,e, ,W,a,l,l, ,S,t,r,e,e,t, ,J,o,u,r,n,a,l
T,h,e, ,W,a,s,h,i,n,g,t,o,n, ,P,o,s,t
T,h,e, ,W,a,s,h,i,n,g,t,o,n, ,T,i,m,e,s
T,i,m,e
U,S,A, ,T,o,d,a,y
V,i,c,e, ,N,e,w,s
W,i,r,e,d
